intersection	direction	sample_index	selected_video	output_image
东海四街洪安20251224	东	1	/data3/VLA_LLM_DATA/东海四街洪安20251224/东/D2_20251223195021_20251223200653.mp4	/home/wangzhe/VLM/images/random5_per_camera/东海四街洪安20251224/东/01__D2_20251223195021_20251223200653.jpg
东海四街洪安20251224	东	2	/data3/VLA_LLM_DATA/东海四街洪安20251224/东/D2_20251223202325_20251223203957.mp4	/home/wangzhe/VLM/images/random5_per_camera/东海四街洪安20251224/东/02__D2_20251223202325_20251223203957.jpg
东海四街洪安20251224	东	3	/data3/VLA_LLM_DATA/东海四街洪安20251224/东/D2_20251223090532_20251223092204.mp4	/home/wangzhe/VLM/images/random5_per_camera/东海四街洪安20251224/东/03__D2_20251223090532_20251223092204.jpg
东海四街洪安20251224	东	4	/data3/VLA_LLM_DATA/东海四街洪安20251224/东/D2_20251223093836_20251223095508.mp4	/home/wangzhe/VLM/images/random5_per_camera/东海四街洪安20251224/东/04__D2_20251223093836_20251223095508.jpg
东海四街洪安20251224	东	5	/data3/VLA_LLM_DATA/东海四街洪安20251224/东/D2_20251223191717_20251223193349.mp4	/home/wangzhe/VLM/images/random5_per_camera/东海四街洪安20251224/东/05__D2_20251223191717_20251223193349.jpg
东海四街洪安20251224	北	1	/data3/VLA_LLM_DATA/东海四街洪安20251224/北/D1_20251223084423_20251223090137.mp4	/home/wangzhe/VLM/images/random5_per_camera/东海四街洪安20251224/北/01__D1_20251223084423_20251223090137.jpg
东海四街洪安20251224	北	2	/data3/VLA_LLM_DATA/东海四街洪安20251224/北/D1_20251223181302_20251223183016.mp4	/home/wangzhe/VLM/images/random5_per_camera/东海四街洪安20251224/北/02__D1_20251223181302_20251223183016.jpg
东海四街洪安20251224	北	3	/data3/VLA_LLM_DATA/东海四街洪安20251224/北/D1_20251223091851_20251223093606.mp4	/home/wangzhe/VLM/images/random5_per_camera/东海四街洪安20251224/北/03__D1_20251223091851_20251223093606.jpg
东海四街洪安20251224	北	4	/data3/VLA_LLM_DATA/东海四街洪安20251224/北/D1_20251223080000_20251223080956.mp4	/home/wangzhe/VLM/images/random5_per_camera/东海四街洪安20251224/北/04__D1_20251223080000_20251223080956.jpg
东海四街洪安20251224	北	5	/data3/VLA_LLM_DATA/东海四街洪安20251224/北/D1_20251223192158_20251223193912.mp4	/home/wangzhe/VLM/images/random5_per_camera/东海四街洪安20251224/北/05__D1_20251223192158_20251223193912.jpg
东海四街洪安20251224	南	1	/data3/VLA_LLM_DATA/东海四街洪安20251224/南/D3_20251223180017_20251223181649.mp4	/home/wangzhe/VLM/images/random5_per_camera/东海四街洪安20251224/南/01__D3_20251223180017_20251223181649.jpg
东海四街洪安20251224	南	2	/data3/VLA_LLM_DATA/东海四街洪安20251224/南/D3_20251223184953_20251223190625.mp4	/home/wangzhe/VLM/images/random5_per_camera/东海四街洪安20251224/南/02__D3_20251223184953_20251223190625.jpg
东海四街洪安20251224	南	3	/data3/VLA_LLM_DATA/东海四街洪安20251224/南/D3_20251223190625_20251223192257.mp4	/home/wangzhe/VLM/images/random5_per_camera/东海四街洪安20251224/南/03__D3_20251223190625_20251223192257.jpg
东海四街洪安20251224	南	4	/data3/VLA_LLM_DATA/东海四街洪安20251224/南/D3_20251223195601_20251223201233.mp4	/home/wangzhe/VLM/images/random5_per_camera/东海四街洪安20251224/南/04__D3_20251223195601_20251223201233.jpg
东海四街洪安20251224	南	5	/data3/VLA_LLM_DATA/东海四街洪安20251224/南/D3_20251223192257_20251223193929.mp4	/home/wangzhe/VLM/images/random5_per_camera/东海四街洪安20251224/南/05__D3_20251223192257_20251223193929.jpg
东海四街洪安20251224	西	1	/data3/VLA_LLM_DATA/东海四街洪安20251224/西/D4_20251223205620_20251223205959.mp4	/home/wangzhe/VLM/images/random5_per_camera/东海四街洪安20251224/西/01__D4_20251223205620_20251223205959.jpg
东海四街洪安20251224	西	2	/data3/VLA_LLM_DATA/东海四街洪安20251224/西/D4_20251223193341_20251223195013.mp4	/home/wangzhe/VLM/images/random5_per_camera/东海四街洪安20251224/西/02__D4_20251223193341_20251223195013.jpg
东海四街洪安20251224	西	3	/data3/VLA_LLM_DATA/东海四街洪安20251224/西/D4_20251223184405_20251223190037.mp4	/home/wangzhe/VLM/images/random5_per_camera/东海四街洪安20251224/西/03__D4_20251223184405_20251223190037.jpg
东海四街洪安20251224	西	4	/data3/VLA_LLM_DATA/东海四街洪安20251224/西/D4_20251223084852_20251223090524.mp4	/home/wangzhe/VLM/images/random5_per_camera/东海四街洪安20251224/西/04__D4_20251223084852_20251223090524.jpg
东海四街洪安20251224	西	5	/data3/VLA_LLM_DATA/东海四街洪安20251224/西/D4_20251223090524_20251223092156.mp4	/home/wangzhe/VLM/images/random5_per_camera/东海四街洪安20251224/西/05__D4_20251223090524_20251223092156.jpg
柏公路永安北一街20251225	东	1	/data3/VLA_LLM_DATA/柏公路永安北一街20251225/东/202512240920-202512240930-[1]_9.dav	/home/wangzhe/VLM/images/random5_per_camera/柏公路永安北一街20251225/东/01__202512240920-202512240930-[1]_9.jpg
柏公路永安北一街20251225	东	2	/data3/VLA_LLM_DATA/柏公路永安北一街20251225/东/202512241850-202512241900-[1]_19.dav	/home/wangzhe/VLM/images/random5_per_camera/柏公路永安北一街20251225/东/02__202512241850-202512241900-[1]_19.jpg
柏公路永安北一街20251225	东	3	/data3/VLA_LLM_DATA/柏公路永安北一街20251225/东/202512241820-202512241830-[1]_16.dav	/home/wangzhe/VLM/images/random5_per_camera/柏公路永安北一街20251225/东/03__202512241820-202512241830-[1]_16.jpg
柏公路永安北一街20251225	东	4	/data3/VLA_LLM_DATA/柏公路永安北一街20251225/东/202512240940-202512240950-[1]_11.dav	/home/wangzhe/VLM/images/random5_per_camera/柏公路永安北一街20251225/东/04__202512240940-202512240950-[1]_11.jpg
柏公路永安北一街20251225	东	5	/data3/VLA_LLM_DATA/柏公路永安北一街20251225/东/202512241800-202512241810-[1]_14.dav	/home/wangzhe/VLM/images/random5_per_camera/柏公路永安北一街20251225/东/05__202512241800-202512241810-[1]_14.jpg
柏公路永安北一街20251225	南	1	/data3/VLA_LLM_DATA/柏公路永安北一街20251225/南/202512240950-202512241000-[3]_12.dav	/home/wangzhe/VLM/images/random5_per_camera/柏公路永安北一街20251225/南/01__202512240950-202512241000-[3]_12.jpg
柏公路永安北一街20251225	南	2	/data3/VLA_LLM_DATA/柏公路永安北一街20251225/南/202512240830-202512240840-[3]_4.dav	/home/wangzhe/VLM/images/random5_per_camera/柏公路永安北一街20251225/南/02__202512240830-202512240840-[3]_4.jpg
柏公路永安北一街20251225	南	3	/data3/VLA_LLM_DATA/柏公路永安北一街20251225/南/202512240800-202512240810-[3]_1.dav	/home/wangzhe/VLM/images/random5_per_camera/柏公路永安北一街20251225/南/03__202512240800-202512240810-[3]_1.jpg
柏公路永安北一街20251225	南	4	/data3/VLA_LLM_DATA/柏公路永安北一街20251225/南/202512240900-202512240910-[3]_7.dav	/home/wangzhe/VLM/images/random5_per_camera/柏公路永安北一街20251225/南/04__202512240900-202512240910-[3]_7.jpg
柏公路永安北一街20251225	南	5	/data3/VLA_LLM_DATA/柏公路永安北一街20251225/南/202512241910-202512241920-[3]_21.dav	/home/wangzhe/VLM/images/random5_per_camera/柏公路永安北一街20251225/南/05__202512241910-202512241920-[3]_21.jpg
柏公路永安北一街20251225	西	1	/data3/VLA_LLM_DATA/柏公路永安北一街20251225/西/西/202512241830-202512241840-[2]_17.dav	/home/wangzhe/VLM/images/random5_per_camera/柏公路永安北一街20251225/西/01__202512241830-202512241840-[2]_17.jpg
柏公路永安北一街20251225	西	2	/data3/VLA_LLM_DATA/柏公路永安北一街20251225/西/西/202512241840-202512241850-[2]_18.dav	/home/wangzhe/VLM/images/random5_per_camera/柏公路永安北一街20251225/西/02__202512241840-202512241850-[2]_18.jpg
柏公路永安北一街20251225	西	3	/data3/VLA_LLM_DATA/柏公路永安北一街20251225/西/西/202512240950-202512241000-[2]_12.dav	/home/wangzhe/VLM/images/random5_per_camera/柏公路永安北一街20251225/西/03__202512240950-202512241000-[2]_12.jpg
柏公路永安北一街20251225	西	4	/data3/VLA_LLM_DATA/柏公路永安北一街20251225/西/西/202512240820-202512240830-[2]_3.dav	/home/wangzhe/VLM/images/random5_per_camera/柏公路永安北一街20251225/西/04__202512240820-202512240830-[2]_3.jpg
柏公路永安北一街20251225	西	5	/data3/VLA_LLM_DATA/柏公路永安北一街20251225/西/西/202512240830-202512240840-[2]_4.dav	/home/wangzhe/VLM/images/random5_per_camera/柏公路永安北一街20251225/西/05__202512240830-202512240840-[2]_4.jpg
柏公路永安北二街20251225	东	1	/data3/VLA_LLM_DATA/柏公路永安北二街20251225/东/202512241910-202512241920-[1]_21.dav	/home/wangzhe/VLM/images/random5_per_camera/柏公路永安北二街20251225/东/01__202512241910-202512241920-[1]_21.jpg
柏公路永安北二街20251225	东	2	/data3/VLA_LLM_DATA/柏公路永安北二街20251225/东/202512240850-202512240900-[1]_6.dav	/home/wangzhe/VLM/images/random5_per_camera/柏公路永安北二街20251225/东/02__202512240850-202512240900-[1]_6.jpg
柏公路永安北二街20251225	东	3	/data3/VLA_LLM_DATA/柏公路永安北二街20251225/东/202512240920-202512240930-[1]_9.dav	/home/wangzhe/VLM/images/random5_per_camera/柏公路永安北二街20251225/东/03__202512240920-202512240930-[1]_9.jpg
柏公路永安北二街20251225	东	4	/data3/VLA_LLM_DATA/柏公路永安北二街20251225/东/202512240810-202512240820-[1]_2.dav	/home/wangzhe/VLM/images/random5_per_camera/柏公路永安北二街20251225/东/04__202512240810-202512240820-[1]_2.jpg
柏公路永安北二街20251225	东	5	/data3/VLA_LLM_DATA/柏公路永安北二街20251225/东/202512240950-202512241000-[1]_12.dav	/home/wangzhe/VLM/images/random5_per_camera/柏公路永安北二街20251225/东/05__202512240950-202512241000-[1]_12.jpg
柏公路永安北二街20251225	北	1	/data3/VLA_LLM_DATA/柏公路永安北二街20251225/北/202512240930-202512240940-[4]_10.dav	/home/wangzhe/VLM/images/random5_per_camera/柏公路永安北二街20251225/北/01__202512240930-202512240940-[4]_10.jpg
柏公路永安北二街20251225	北	2	/data3/VLA_LLM_DATA/柏公路永安北二街20251225/北/202512241910-202512241920-[4]_21.dav	/home/wangzhe/VLM/images/random5_per_camera/柏公路永安北二街20251225/北/02__202512241910-202512241920-[4]_21.jpg
柏公路永安北二街20251225	北	3	/data3/VLA_LLM_DATA/柏公路永安北二街20251225/北/202512240830-202512240840-[4]_4.dav	/home/wangzhe/VLM/images/random5_per_camera/柏公路永安北二街20251225/北/03__202512240830-202512240840-[4]_4.jpg
柏公路永安北二街20251225	北	4	/data3/VLA_LLM_DATA/柏公路永安北二街20251225/北/202512240810-202512240820-[4]_2.dav	/home/wangzhe/VLM/images/random5_per_camera/柏公路永安北二街20251225/北/04__202512240810-202512240820-[4]_2.jpg
柏公路永安北二街20251225	北	5	/data3/VLA_LLM_DATA/柏公路永安北二街20251225/北/202512240840-202512240850-[4]_5.dav	/home/wangzhe/VLM/images/random5_per_camera/柏公路永安北二街20251225/北/05__202512240840-202512240850-[4]_5.jpg
柏公路永安北二街20251225	南	1	/data3/VLA_LLM_DATA/柏公路永安北二街20251225/南/202512241850-202512241900-[3]_19.dav	/home/wangzhe/VLM/images/random5_per_camera/柏公路永安北二街20251225/南/01__202512241850-202512241900-[3]_19.jpg
柏公路永安北二街20251225	南	2	/data3/VLA_LLM_DATA/柏公路永安北二街20251225/南/202512240930-202512240940-[3]_10.dav	/home/wangzhe/VLM/images/random5_per_camera/柏公路永安北二街20251225/南/02__202512240930-202512240940-[3]_10.jpg
柏公路永安北二街20251225	南	3	/data3/VLA_LLM_DATA/柏公路永安北二街20251225/南/202512241900-202512241910-[3]_20.dav	/home/wangzhe/VLM/images/random5_per_camera/柏公路永安北二街20251225/南/03__202512241900-202512241910-[3]_20.jpg
柏公路永安北二街20251225	南	4	/data3/VLA_LLM_DATA/柏公路永安北二街20251225/南/202512240830-202512240840-[3]_4.dav	/home/wangzhe/VLM/images/random5_per_camera/柏公路永安北二街20251225/南/04__202512240830-202512240840-[3]_4.jpg
柏公路永安北二街20251225	南	5	/data3/VLA_LLM_DATA/柏公路永安北二街20251225/南/202512240850-202512240900-[3]_6.dav	/home/wangzhe/VLM/images/random5_per_camera/柏公路永安北二街20251225/南/05__202512240850-202512240900-[3]_6.jpg
柏公路永安北二街20251225	西	1	/data3/VLA_LLM_DATA/柏公路永安北二街20251225/西/202512240830-202512240840-[2]_4.dav	/home/wangzhe/VLM/images/random5_per_camera/柏公路永安北二街20251225/西/01__202512240830-202512240840-[2]_4.jpg
柏公路永安北二街20251225	西	2	/data3/VLA_LLM_DATA/柏公路永安北二街20251225/西/202512241810-202512241820-[2]_15.dav	/home/wangzhe/VLM/images/random5_per_camera/柏公路永安北二街20251225/西/02__202512241810-202512241820-[2]_15.jpg
柏公路永安北二街20251225	西	3	/data3/VLA_LLM_DATA/柏公路永安北二街20251225/西/202512241830-202512241840-[2]_17.dav	/home/wangzhe/VLM/images/random5_per_camera/柏公路永安北二街20251225/西/03__202512241830-202512241840-[2]_17.jpg
柏公路永安北二街20251225	西	4	/data3/VLA_LLM_DATA/柏公路永安北二街20251225/西/202512242000-202512242010-[2]_26.dav	/home/wangzhe/VLM/images/random5_per_camera/柏公路永安北二街20251225/西/04__202512242000-202512242010-[2]_26.jpg
柏公路永安北二街20251225	西	5	/data3/VLA_LLM_DATA/柏公路永安北二街20251225/西/202512241930-202512241940-[2]_23.dav	/home/wangzhe/VLM/images/random5_per_camera/柏公路永安北二街20251225/西/05__202512241930-202512241940-[2]_23.jpg
深盐梧桐20251219	东	1	/data3/VLA_LLM_DATA/深盐梧桐20251219/东/D1_20251218084611_20251218090410.mp4	/home/wangzhe/VLM/images/random5_per_camera/深盐梧桐20251219/东/01__D1_20251218084611_20251218090410.jpg
深盐梧桐20251219	东	2	/data3/VLA_LLM_DATA/深盐梧桐20251219/东/D1_20251218082812_20251218084611.mp4	/home/wangzhe/VLM/images/random5_per_camera/深盐梧桐20251219/东/02__D1_20251218082812_20251218084611.jpg
深盐梧桐20251219	东	3	/data3/VLA_LLM_DATA/深盐梧桐20251219/东/D1_20251218183133_20251218184922.mp4	/home/wangzhe/VLM/images/random5_per_camera/深盐梧桐20251219/东/03__D1_20251218183133_20251218184922.jpg
深盐梧桐20251219	东	4	/data3/VLA_LLM_DATA/深盐梧桐20251219/东/D1_20251218081017_20251218082812.mp4	/home/wangzhe/VLM/images/random5_per_camera/深盐梧桐20251219/东/04__D1_20251218081017_20251218082812.jpg
深盐梧桐20251219	东	5	/data3/VLA_LLM_DATA/深盐梧桐20251219/东/D1_20251218093950_20251218095738.mp4	/home/wangzhe/VLM/images/random5_per_camera/深盐梧桐20251219/东/05__D1_20251218093950_20251218095738.jpg
深盐梧桐20251219	北	1	/data3/VLA_LLM_DATA/深盐梧桐20251219/北/D12_20251218092830_20251218094818.mp4	/home/wangzhe/VLM/images/random5_per_camera/深盐梧桐20251219/北/01__D12_20251218092830_20251218094818.jpg
深盐梧桐20251219	北	2	/data3/VLA_LLM_DATA/深盐梧桐20251219/北/D12_20251218090924_20251218092830.mp4	/home/wangzhe/VLM/images/random5_per_camera/深盐梧桐20251219/北/02__D12_20251218090924_20251218092830.jpg
深盐梧桐20251219	北	3	/data3/VLA_LLM_DATA/深盐梧桐20251219/北/D12_20251218190832_20251218192628.mp4	/home/wangzhe/VLM/images/random5_per_camera/深盐梧桐20251219/北/03__D12_20251218190832_20251218192628.jpg
深盐梧桐20251219	北	4	/data3/VLA_LLM_DATA/深盐梧桐20251219/北/D12_20251218194419_20251218200143.mp4	/home/wangzhe/VLM/images/random5_per_camera/深盐梧桐20251219/北/04__D12_20251218194419_20251218200143.jpg
深盐梧桐20251219	北	5	/data3/VLA_LLM_DATA/深盐梧桐20251219/北/D12_20251218200143_20251218201917.mp4	/home/wangzhe/VLM/images/random5_per_camera/深盐梧桐20251219/北/05__D12_20251218200143_20251218201917.jpg
深盐梧桐20251219	南	1	/data3/VLA_LLM_DATA/深盐梧桐20251219/南/D5_20251218182701_20251218184422.mp4	/home/wangzhe/VLM/images/random5_per_camera/深盐梧桐20251219/南/01__D5_20251218182701_20251218184422.jpg
深盐梧桐20251219	南	2	/data3/VLA_LLM_DATA/深盐梧桐20251219/南/D5_20251218193611_20251218195326.mp4	/home/wangzhe/VLM/images/random5_per_camera/深盐梧桐20251219/南/02__D5_20251218193611_20251218195326.jpg
深盐梧桐20251219	南	3	/data3/VLA_LLM_DATA/深盐梧桐20251219/南/D5_20251218093047_20251218094805.mp4	/home/wangzhe/VLM/images/random5_per_camera/深盐梧桐20251219/南/03__D5_20251218093047_20251218094805.jpg
深盐梧桐20251219	南	4	/data3/VLA_LLM_DATA/深盐梧桐20251219/南/D5_20251218175209_20251218180931.mp4	/home/wangzhe/VLM/images/random5_per_camera/深盐梧桐20251219/南/04__D5_20251218175209_20251218180931.jpg
深盐梧桐20251219	南	5	/data3/VLA_LLM_DATA/深盐梧桐20251219/南/D5_20251218191856_20251218193611.mp4	/home/wangzhe/VLM/images/random5_per_camera/深盐梧桐20251219/南/05__D5_20251218191856_20251218193611.jpg
深盐梧桐20251219	西	1	/data3/VLA_LLM_DATA/深盐梧桐20251219/西/D8_20251218195945_20251218201707.mp4	/home/wangzhe/VLM/images/random5_per_camera/深盐梧桐20251219/西/01__D8_20251218195945_20251218201707.jpg
深盐梧桐20251219	西	2	/data3/VLA_LLM_DATA/深盐梧桐20251219/西/D8_20251218190730_20251218192453.mp4	/home/wangzhe/VLM/images/random5_per_camera/深盐梧桐20251219/西/02__D8_20251218190730_20251218192453.jpg
深盐梧桐20251219	西	3	/data3/VLA_LLM_DATA/深盐梧桐20251219/西/D8_20251218203430_20251218205151.mp4	/home/wangzhe/VLM/images/random5_per_camera/深盐梧桐20251219/西/03__D8_20251218203430_20251218205151.jpg
深盐梧桐20251219	西	4	/data3/VLA_LLM_DATA/深盐梧桐20251219/西/D8_20251218091336_20251218093106.mp4	/home/wangzhe/VLM/images/random5_per_camera/深盐梧桐20251219/西/04__D8_20251218091336_20251218093106.jpg
深盐梧桐20251219	西	5	/data3/VLA_LLM_DATA/深盐梧桐20251219/西/D8_20251218201707_20251218203430.mp4	/home/wangzhe/VLM/images/random5_per_camera/深盐梧桐20251219/西/05__D8_20251218201707_20251218203430.jpg
深盐沙深20251218	东	1	/data3/VLA_LLM_DATA/深盐沙深20251218/东/D1_20251217080000_20251217080708.mp4	/home/wangzhe/VLM/images/random5_per_camera/深盐沙深20251218/东/01__D1_20251217080000_20251217080708.jpg
深盐沙深20251218	东	2	/data3/VLA_LLM_DATA/深盐沙深20251218/东/D1_20251217084142_20251217085859.mp4	/home/wangzhe/VLM/images/random5_per_camera/深盐沙深20251218/东/02__D1_20251217084142_20251217085859.jpg
深盐沙深20251218	东	3	/data3/VLA_LLM_DATA/深盐沙深20251218/东/D1_20251217190212_20251217191926.mp4	/home/wangzhe/VLM/images/random5_per_camera/深盐沙深20251218/东/03__D1_20251217190212_20251217191926.jpg
深盐沙深20251218	东	4	/data3/VLA_LLM_DATA/深盐沙深20251218/东/D1_20251217193639_20251217195353.mp4	/home/wangzhe/VLM/images/random5_per_camera/深盐沙深20251218/东/04__D1_20251217193639_20251217195353.jpg
深盐沙深20251218	东	5	/data3/VLA_LLM_DATA/深盐沙深20251218/东/D1_20251217202821_20251217204535.mp4	/home/wangzhe/VLM/images/random5_per_camera/深盐沙深20251218/东/05__D1_20251217202821_20251217204535.jpg
深盐沙深20251218	北	1	/data3/VLA_LLM_DATA/深盐沙深20251218/北/D6_20251223181351_20251223183104.mp4	/home/wangzhe/VLM/images/random5_per_camera/深盐沙深20251218/北/01__D6_20251223181351_20251223183104.jpg
深盐沙深20251218	北	2	/data3/VLA_LLM_DATA/深盐沙深20251218/北/D6_20251223090502_20251223092216.mp4	/home/wangzhe/VLM/images/random5_per_camera/深盐沙深20251218/北/02__D6_20251223090502_20251223092216.jpg
深盐沙深20251218	北	3	/data3/VLA_LLM_DATA/深盐沙深20251218/北/D6_20251223175636_20251223181351.mp4	/home/wangzhe/VLM/images/random5_per_camera/深盐沙深20251218/北/03__D6_20251223175636_20251223181351.jpg
深盐沙深20251218	北	4	/data3/VLA_LLM_DATA/深盐沙深20251218/北/D6_20251223092216_20251223093930.mp4	/home/wangzhe/VLM/images/random5_per_camera/深盐沙深20251218/北/04__D6_20251223092216_20251223093930.jpg
深盐沙深20251218	北	5	/data3/VLA_LLM_DATA/深盐沙深20251218/北/D6_20251223192246_20251223194001.mp4	/home/wangzhe/VLM/images/random5_per_camera/深盐沙深20251218/北/05__D6_20251223192246_20251223194001.jpg
深盐沙深20251218	南	1	/data3/VLA_LLM_DATA/深盐沙深20251218/南/D6_20251218094302_20251218100027.mp4	/home/wangzhe/VLM/images/random5_per_camera/深盐沙深20251218/南/01__D6_20251218094302_20251218100027.jpg
深盐沙深20251218	南	2	/data3/VLA_LLM_DATA/深盐沙深20251218/南/D6_20251218205220_20251218205959.mp4	/home/wangzhe/VLM/images/random5_per_camera/深盐沙深20251218/南/02__D6_20251218205220_20251218205959.jpg
深盐沙深20251218	南	3	/data3/VLA_LLM_DATA/深盐沙深20251218/南/D6_20251218083248_20251218085021.mp4	/home/wangzhe/VLM/images/random5_per_camera/深盐沙深20251218/南/03__D6_20251218083248_20251218085021.jpg
深盐沙深20251218	南	4	/data3/VLA_LLM_DATA/深盐沙深20251218/南/D6_20251218185015_20251218190741.mp4	/home/wangzhe/VLM/images/random5_per_camera/深盐沙深20251218/南/04__D6_20251218185015_20251218190741.jpg
深盐沙深20251218	南	5	/data3/VLA_LLM_DATA/深盐沙深20251218/南/D6_20251218200000_20251218201727.mp4	/home/wangzhe/VLM/images/random5_per_camera/深盐沙深20251218/南/05__D6_20251218200000_20251218201727.jpg
深盐沙深20251218	西	1	/data3/VLA_LLM_DATA/深盐沙深20251218/西/D1_20251218200351_20251218202115.mp4	/home/wangzhe/VLM/images/random5_per_camera/深盐沙深20251218/西/01__D1_20251218200351_20251218202115.jpg
深盐沙深20251218	西	2	/data3/VLA_LLM_DATA/深盐沙深20251218/西/D1_20251218083843_20251218085624.mp4	/home/wangzhe/VLM/images/random5_per_camera/深盐沙深20251218/西/02__D1_20251218083843_20251218085624.jpg
深盐沙深20251218	西	3	/data3/VLA_LLM_DATA/深盐沙深20251218/西/D1_20251218080000_20251218080335.mp4	/home/wangzhe/VLM/images/random5_per_camera/深盐沙深20251218/西/03__D1_20251218080000_20251218080335.jpg
深盐沙深20251218	西	4	/data3/VLA_LLM_DATA/深盐沙深20251218/西/D1_20251218194625_20251218200351.mp4	/home/wangzhe/VLM/images/random5_per_camera/深盐沙深20251218/西/04__D1_20251218194625_20251218200351.jpg
深盐沙深20251218	西	5	/data3/VLA_LLM_DATA/深盐沙深20251218/西/D1_20251218094922_20251218100700.mp4	/home/wangzhe/VLM/images/random5_per_camera/深盐沙深20251218/西/05__D1_20251218094922_20251218100700.jpg
深盐海山20251217	东	1	/data3/VLA_LLM_DATA/深盐海山20251217/东/D2_20251216082131_20251216083930.mp4	/home/wangzhe/VLM/images/random5_per_camera/深盐海山20251217/东/01__D2_20251216082131_20251216083930.jpg
深盐海山20251217	东	2	/data3/VLA_LLM_DATA/深盐海山20251217/东/D2_20251216093318_20251216095111.mp4	/home/wangzhe/VLM/images/random5_per_camera/深盐海山20251217/东/02__D2_20251216093318_20251216095111.jpg
深盐海山20251217	东	3	/data3/VLA_LLM_DATA/深盐海山20251217/东/D2_20251216080331_20251216082131.mp4	/home/wangzhe/VLM/images/random5_per_camera/深盐海山20251217/东/03__D2_20251216080331_20251216082131.jpg
深盐海山20251217	东	4	/data3/VLA_LLM_DATA/深盐海山20251217/东/D2_20251216091520_20251216093318.mp4	/home/wangzhe/VLM/images/random5_per_camera/深盐海山20251217/东/04__D2_20251216091520_20251216093318.jpg
深盐海山20251217	东	5	/data3/VLA_LLM_DATA/深盐海山20251217/东/D2_20251216080000_20251216080331.mp4	/home/wangzhe/VLM/images/random5_per_camera/深盐海山20251217/东/05__D2_20251216080000_20251216080331.jpg
深盐海山20251217	北	1	/data3/VLA_LLM_DATA/深盐海山20251217/北/D8_20251217081004_20251217082820.mp4	/home/wangzhe/VLM/images/random5_per_camera/深盐海山20251217/北/01__D8_20251217081004_20251217082820.jpg
深盐海山20251217	北	2	/data3/VLA_LLM_DATA/深盐海山20251217/北/D8_20251217082820_20251217084640.mp4	/home/wangzhe/VLM/images/random5_per_camera/深盐海山20251217/北/02__D8_20251217082820_20251217084640.jpg
深盐海山20251217	北	3	/data3/VLA_LLM_DATA/深盐海山20251217/北/D8_20251216184552_20251216190358.mp4	/home/wangzhe/VLM/images/random5_per_camera/深盐海山20251217/北/03__D8_20251216184552_20251216190358.jpg
深盐海山20251217	北	4	/data3/VLA_LLM_DATA/深盐海山20251217/北/D8_20251216193946_20251216195736.mp4	/home/wangzhe/VLM/images/random5_per_camera/深盐海山20251217/北/04__D8_20251216193946_20251216195736.jpg
深盐海山20251217	北	5	/data3/VLA_LLM_DATA/深盐海山20251217/北/D8_20251217094135_20251217095959.mp4	/home/wangzhe/VLM/images/random5_per_camera/深盐海山20251217/北/05__D8_20251217094135_20251217095959.jpg
深盐海山20251217	南	1	/data3/VLA_LLM_DATA/深盐海山20251217/南/D6_20251216082148_20251216084042.mp4	/home/wangzhe/VLM/images/random5_per_camera/深盐海山20251217/南/01__D6_20251216082148_20251216084042.jpg
深盐海山20251217	南	2	/data3/VLA_LLM_DATA/深盐海山20251217/南/D6_20251216084042_20251216085909.mp4	/home/wangzhe/VLM/images/random5_per_camera/深盐海山20251217/南/02__D6_20251216084042_20251216085909.jpg
深盐海山20251217	南	3	/data3/VLA_LLM_DATA/深盐海山20251217/南/D6_20251216093615_20251216095457.mp4	/home/wangzhe/VLM/images/random5_per_camera/深盐海山20251217/南/03__D6_20251216093615_20251216095457.jpg
深盐海山20251217	南	4	/data3/VLA_LLM_DATA/深盐海山20251217/南/D6_20251216080000_20251216080254.mp4	/home/wangzhe/VLM/images/random5_per_camera/深盐海山20251217/南/04__D6_20251216080000_20251216080254.jpg
深盐海山20251217	南	5	/data3/VLA_LLM_DATA/深盐海山20251217/南/D6_20251216085909_20251216091737.mp4	/home/wangzhe/VLM/images/random5_per_camera/深盐海山20251217/南/05__D6_20251216085909_20251216091737.jpg
深盐海山20251217	西	1	/data3/VLA_LLM_DATA/深盐海山20251217/西/D1_20251216194306_20251216200034.mp4	/home/wangzhe/VLM/images/random5_per_camera/深盐海山20251217/西/01__D1_20251216194306_20251216200034.jpg
深盐海山20251217	西	2	/data3/VLA_LLM_DATA/深盐海山20251217/西/D1_20251216205238_20251216205959.mp4	/home/wangzhe/VLM/images/random5_per_camera/深盐海山20251217/西/02__D1_20251216205238_20251216205959.jpg
深盐海山20251217	西	3	/data3/VLA_LLM_DATA/深盐海山20251217/西/D1_20251217080000_20251217080737.mp4	/home/wangzhe/VLM/images/random5_per_camera/深盐海山20251217/西/03__D1_20251217080000_20251217080737.jpg
深盐海山20251217	西	4	/data3/VLA_LLM_DATA/深盐海山20251217/西/D1_20251217003747_20251217005503.mp4	/home/wangzhe/VLM/images/random5_per_camera/深盐海山20251217/西/04__D1_20251217003747_20251217005503.jpg
深盐海山20251217	西	5	/data3/VLA_LLM_DATA/深盐海山20251217/西/D1_20251217082525_20251217084314.mp4	/home/wangzhe/VLM/images/random5_per_camera/深盐海山20251217/西/05__D1_20251217082525_20251217084314.jpg
红荔西路农轩20251230	东	1	/data3/VLA_LLM_DATA/红荔西路农轩20251230/东/00000000492000000.mp4	/home/wangzhe/VLM/images/random5_per_camera/红荔西路农轩20251230/东/01__00000000492000000.jpg
红荔西路农轩20251230	东	2	/data3/VLA_LLM_DATA/红荔西路农轩20251230/东/00000000322000000.mp4	/home/wangzhe/VLM/images/random5_per_camera/红荔西路农轩20251230/东/02__00000000322000000.jpg
红荔西路农轩20251230	东	3	/data3/VLA_LLM_DATA/红荔西路农轩20251230/东/00000000311000000.mp4	/home/wangzhe/VLM/images/random5_per_camera/红荔西路农轩20251230/东/03__00000000311000000.jpg
红荔西路农轩20251230	东	4	/data3/VLA_LLM_DATA/红荔西路农轩20251230/东/00000000331000000.mp4	/home/wangzhe/VLM/images/random5_per_camera/红荔西路农轩20251230/东/04__00000000331000000.jpg
红荔西路农轩20251230	东	5	/data3/VLA_LLM_DATA/红荔西路农轩20251230/东/00000000513000000.mp4	/home/wangzhe/VLM/images/random5_per_camera/红荔西路农轩20251230/东/05__00000000513000000.jpg
红荔西路农轩20251230	北	1	/data3/VLA_LLM_DATA/红荔西路农轩20251230/北/00000000317000000.mp4	/home/wangzhe/VLM/images/random5_per_camera/红荔西路农轩20251230/北/01__00000000317000000.jpg
红荔西路农轩20251230	北	2	/data3/VLA_LLM_DATA/红荔西路农轩20251230/北/00000000323000000.mp4	/home/wangzhe/VLM/images/random5_per_camera/红荔西路农轩20251230/北/02__00000000323000000.jpg
红荔西路农轩20251230	北	3	/data3/VLA_LLM_DATA/红荔西路农轩20251230/北/00000000327000000.mp4	/home/wangzhe/VLM/images/random5_per_camera/红荔西路农轩20251230/北/03__00000000327000000.jpg
红荔西路农轩20251230	北	4	/data3/VLA_LLM_DATA/红荔西路农轩20251230/北/00000000539000000.mp4	/home/wangzhe/VLM/images/random5_per_camera/红荔西路农轩20251230/北/04__00000000539000000.jpg
红荔西路农轩20251230	北	5	/data3/VLA_LLM_DATA/红荔西路农轩20251230/北/00000000527000000.mp4	/home/wangzhe/VLM/images/random5_per_camera/红荔西路农轩20251230/北/05__00000000527000000.jpg
红荔西路农轩20251230	南	1	/data3/VLA_LLM_DATA/红荔西路农轩20251230/南/00000000299000000.mp4	/home/wangzhe/VLM/images/random5_per_camera/红荔西路农轩20251230/南/01__00000000299000000.jpg
红荔西路农轩20251230	南	2	/data3/VLA_LLM_DATA/红荔西路农轩20251230/南/00000000345000000.mp4	/home/wangzhe/VLM/images/random5_per_camera/红荔西路农轩20251230/南/02__00000000345000000.jpg
红荔西路农轩20251230	南	3	/data3/VLA_LLM_DATA/红荔西路农轩20251230/南/00000000538000000.mp4	/home/wangzhe/VLM/images/random5_per_camera/红荔西路农轩20251230/南/03__00000000538000000.jpg
红荔西路农轩20251230	南	4	/data3/VLA_LLM_DATA/红荔西路农轩20251230/南/00000000516000000.mp4	/home/wangzhe/VLM/images/random5_per_camera/红荔西路农轩20251230/南/04__00000000516000000.jpg
红荔西路农轩20251230	南	5	/data3/VLA_LLM_DATA/红荔西路农轩20251230/南/00000000293000000.mp4	/home/wangzhe/VLM/images/random5_per_camera/红荔西路农轩20251230/南/05__00000000293000000.jpg
红荔西路农轩20251230	西	1	/data3/VLA_LLM_DATA/红荔西路农轩20251230/西/00000000491000000.mp4	/home/wangzhe/VLM/images/random5_per_camera/红荔西路农轩20251230/西/01__00000000491000000.jpg
红荔西路农轩20251230	西	2	/data3/VLA_LLM_DATA/红荔西路农轩20251230/西/00000000324000000.mp4	/home/wangzhe/VLM/images/random5_per_camera/红荔西路农轩20251230/西/02__00000000324000000.jpg
红荔西路农轩20251230	西	3	/data3/VLA_LLM_DATA/红荔西路农轩20251230/西/00000000508000000.mp4	/home/wangzhe/VLM/images/random5_per_camera/红荔西路农轩20251230/西/03__00000000508000000.jpg
红荔西路农轩20251230	西	4	/data3/VLA_LLM_DATA/红荔西路农轩20251230/西/00000000298000000.mp4	/home/wangzhe/VLM/images/random5_per_camera/红荔西路农轩20251230/西/04__00000000298000000.jpg
红荔西路农轩20251230	西	5	/data3/VLA_LLM_DATA/红荔西路农轩20251230/西/00000000542000000.mp4	/home/wangzhe/VLM/images/random5_per_camera/红荔西路农轩20251230/西/05__00000000542000000.jpg
红荔西路彩田路202617	东	1	/data3/VLA_LLM_DATA/红荔西路彩田路202617/东/00010000786000000.mp4	/home/wangzhe/VLM/images/random5_per_camera/红荔西路彩田路202617/东/01__00010000786000000.jpg
红荔西路彩田路202617	东	2	/data3/VLA_LLM_DATA/红荔西路彩田路202617/东/01010000148000000.mp4	/home/wangzhe/VLM/images/random5_per_camera/红荔西路彩田路202617/东/02__01010000148000000.jpg
红荔西路彩田路202617	东	3	/data3/VLA_LLM_DATA/红荔西路彩田路202617/东/01010000036000000.mp4	/home/wangzhe/VLM/images/random5_per_camera/红荔西路彩田路202617/东/03__01010000036000000.jpg
红荔西路彩田路202617	东	4	/data3/VLA_LLM_DATA/红荔西路彩田路202617/东/00010000711000000.mp4	/home/wangzhe/VLM/images/random5_per_camera/红荔西路彩田路202617/东/04__00010000711000000.jpg
红荔西路彩田路202617	东	5	/data3/VLA_LLM_DATA/红荔西路彩田路202617/东/01010000149000000.mp4	/home/wangzhe/VLM/images/random5_per_camera/红荔西路彩田路202617/东/05__01010000149000000.jpg
红荔西路彩田路202617	北	1	/data3/VLA_LLM_DATA/红荔西路彩田路202617/北/00010000858000000.mp4	/home/wangzhe/VLM/images/random5_per_camera/红荔西路彩田路202617/北/01__00010000858000000.jpg
红荔西路彩田路202617	北	2	/data3/VLA_LLM_DATA/红荔西路彩田路202617/北/00010000915000000.mp4	/home/wangzhe/VLM/images/random5_per_camera/红荔西路彩田路202617/北/02__00010000915000000.jpg
红荔西路彩田路202617	北	3	/data3/VLA_LLM_DATA/红荔西路彩田路202617/北/01010000096000000.mp4	/home/wangzhe/VLM/images/random5_per_camera/红荔西路彩田路202617/北/03__01010000096000000.jpg
红荔西路彩田路202617	北	4	/data3/VLA_LLM_DATA/红荔西路彩田路202617/北/01010000114000000.mp4	/home/wangzhe/VLM/images/random5_per_camera/红荔西路彩田路202617/北/04__01010000114000000.jpg
红荔西路彩田路202617	北	5	/data3/VLA_LLM_DATA/红荔西路彩田路202617/北/01010000175000000.mp4	/home/wangzhe/VLM/images/random5_per_camera/红荔西路彩田路202617/北/05__01010000175000000.jpg
红荔西路彩田路202617	南	1	/data3/VLA_LLM_DATA/红荔西路彩田路202617/南/00010000497000000.mp4	/home/wangzhe/VLM/images/random5_per_camera/红荔西路彩田路202617/南/01__00010000497000000.jpg
红荔西路彩田路202617	南	2	/data3/VLA_LLM_DATA/红荔西路彩田路202617/南/01010000088000000.mp4	/home/wangzhe/VLM/images/random5_per_camera/红荔西路彩田路202617/南/02__01010000088000000.jpg
红荔西路彩田路202617	南	3	/data3/VLA_LLM_DATA/红荔西路彩田路202617/南/00010000543000000.mp4	/home/wangzhe/VLM/images/random5_per_camera/红荔西路彩田路202617/南/03__00010000543000000.jpg
红荔西路彩田路202617	南	4	/data3/VLA_LLM_DATA/红荔西路彩田路202617/南/00010001525000000.mp4	/home/wangzhe/VLM/images/random5_per_camera/红荔西路彩田路202617/南/04__00010001525000000.jpg
红荔西路彩田路202617	南	5	/data3/VLA_LLM_DATA/红荔西路彩田路202617/南/01010000057000000.mp4	/home/wangzhe/VLM/images/random5_per_camera/红荔西路彩田路202617/南/05__01010000057000000.jpg
红荔西路彩田路202617	西	1	/data3/VLA_LLM_DATA/红荔西路彩田路202617/西/01010000169000000.mp4	/home/wangzhe/VLM/images/random5_per_camera/红荔西路彩田路202617/西/01__01010000169000000.jpg
红荔西路彩田路202617	西	2	/data3/VLA_LLM_DATA/红荔西路彩田路202617/西/00010000743000000.mp4	/home/wangzhe/VLM/images/random5_per_camera/红荔西路彩田路202617/西/02__00010000743000000.jpg
红荔西路彩田路202617	西	3	/data3/VLA_LLM_DATA/红荔西路彩田路202617/西/01010000219000000.mp4	/home/wangzhe/VLM/images/random5_per_camera/红荔西路彩田路202617/西/03__01010000219000000.jpg
红荔西路彩田路202617	西	4	/data3/VLA_LLM_DATA/红荔西路彩田路202617/西/01010000093000200.mp4	/home/wangzhe/VLM/images/random5_per_camera/红荔西路彩田路202617/西/04__01010000093000200.jpg
红荔西路彩田路202617	西	5	/data3/VLA_LLM_DATA/红荔西路彩田路202617/西/01010000115000000.mp4	/home/wangzhe/VLM/images/random5_per_camera/红荔西路彩田路202617/西/05__01010000115000000.jpg
红荔西路益田路2026116	东	1	/data3/VLA_LLM_DATA/红荔西路益田路2026116/东/D12_20260115084602_20260115090314.mp4	/home/wangzhe/VLM/images/random5_per_camera/红荔西路益田路2026116/东/01__D12_20260115084602_20260115090314.jpg
红荔西路益田路2026116	东	2	/data3/VLA_LLM_DATA/红荔西路益田路2026116/东/D12_20260115192302_20260115194016.mp4	/home/wangzhe/VLM/images/random5_per_camera/红荔西路益田路2026116/东/02__D12_20260115192302_20260115194016.jpg
红荔西路益田路2026116	东	3	/data3/VLA_LLM_DATA/红荔西路益田路2026116/东/D12_20260115183119_20260115184834.mp4	/home/wangzhe/VLM/images/random5_per_camera/红荔西路益田路2026116/东/03__D12_20260115183119_20260115184834.jpg
红荔西路益田路2026116	东	4	/data3/VLA_LLM_DATA/红荔西路益田路2026116/东/D12_20260115070000_20260115070245.mp4	/home/wangzhe/VLM/images/random5_per_camera/红荔西路益田路2026116/东/04__D12_20260115070000_20260115070245.jpg
红荔西路益田路2026116	东	5	/data3/VLA_LLM_DATA/红荔西路益田路2026116/东/D12_20260115180000_20260115181405.mp4	/home/wangzhe/VLM/images/random5_per_camera/红荔西路益田路2026116/东/05__D12_20260115180000_20260115181405.jpg
红荔西路益田路2026116	南	1	/data3/VLA_LLM_DATA/红荔西路益田路2026116/南/D13_20260115093212_20260115094928.mp4	/home/wangzhe/VLM/images/random5_per_camera/红荔西路益田路2026116/南/01__D13_20260115093212_20260115094928.jpg
红荔西路益田路2026116	南	2	/data3/VLA_LLM_DATA/红荔西路益田路2026116/南/D13_20260115073120_20260115074835.mp4	/home/wangzhe/VLM/images/random5_per_camera/红荔西路益田路2026116/南/02__D13_20260115073120_20260115074835.jpg
红荔西路益田路2026116	南	3	/data3/VLA_LLM_DATA/红荔西路益田路2026116/南/D13_20260115180000_20260115181010.mp4	/home/wangzhe/VLM/images/random5_per_camera/红荔西路益田路2026116/南/03__D13_20260115180000_20260115181010.jpg
红荔西路益田路2026116	南	4	/data3/VLA_LLM_DATA/红荔西路益田路2026116/南/D13_20260115191915_20260115193630.mp4	/home/wangzhe/VLM/images/random5_per_camera/红荔西路益田路2026116/南/04__D13_20260115191915_20260115193630.jpg
红荔西路益田路2026116	南	5	/data3/VLA_LLM_DATA/红荔西路益田路2026116/南/D13_20260115195347_20260115201102.mp4	/home/wangzhe/VLM/images/random5_per_camera/红荔西路益田路2026116/南/05__D13_20260115195347_20260115201102.jpg
红荔西路益田路2026116	西	1	/data3/VLA_LLM_DATA/红荔西路益田路2026116/西/D10_20260115171732_20260115173448.mp4	/home/wangzhe/VLM/images/random5_per_camera/红荔西路益田路2026116/西/01__D10_20260115171732_20260115173448.jpg
红荔西路益田路2026116	西	2	/data3/VLA_LLM_DATA/红荔西路益田路2026116/西/D10_20260115080501_20260115082217.mp4	/home/wangzhe/VLM/images/random5_per_camera/红荔西路益田路2026116/西/02__D10_20260115080501_20260115082217.jpg
红荔西路益田路2026116	西	3	/data3/VLA_LLM_DATA/红荔西路益田路2026116/西/D10_20260115195256_20260115201012.mp4	/home/wangzhe/VLM/images/random5_per_camera/红荔西路益田路2026116/西/03__D10_20260115195256_20260115201012.jpg
红荔西路益田路2026116	西	4	/data3/VLA_LLM_DATA/红荔西路益田路2026116/西/D10_20260115085649_20260115091404.mp4	/home/wangzhe/VLM/images/random5_per_camera/红荔西路益田路2026116/西/04__D10_20260115085649_20260115091404.jpg
红荔西路益田路2026116	西	5	/data3/VLA_LLM_DATA/红荔西路益田路2026116/西/D10_20260115083933_20260115085649.mp4	/home/wangzhe/VLM/images/random5_per_camera/红荔西路益田路2026116/西/05__D10_20260115083933_20260115085649.jpg
罗田宝源南路20260108	东	1	/data3/VLA_LLM_DATA/罗田宝源南路20260108/东/RecordDownload_20260107094001[1]_17.mp4	/home/wangzhe/VLM/images/random5_per_camera/罗田宝源南路20260108/东/01__RecordDownload_20260107094001[1]_17.jpg
罗田宝源南路20260108	东	2	/data3/VLA_LLM_DATA/罗田宝源南路20260108/东/RecordDownload_20260107082000[1]_9.mp4	/home/wangzhe/VLM/images/random5_per_camera/罗田宝源南路20260108/东/02__RecordDownload_20260107082000[1]_9.jpg
罗田宝源南路20260108	东	3	/data3/VLA_LLM_DATA/罗田宝源南路20260108/东/RecordDownload_20260107181001[1]_32.mp4	/home/wangzhe/VLM/images/random5_per_camera/罗田宝源南路20260108/东/03__RecordDownload_20260107181001[1]_32.jpg
罗田宝源南路20260108	东	4	/data3/VLA_LLM_DATA/罗田宝源南路20260108/东/RecordDownload_20260107183002[1]_34.mp4	/home/wangzhe/VLM/images/random5_per_camera/罗田宝源南路20260108/东/04__RecordDownload_20260107183002[1]_34.jpg
罗田宝源南路20260108	东	5	/data3/VLA_LLM_DATA/罗田宝源南路20260108/东/RecordDownload_20260107080001[1]_7.mp4	/home/wangzhe/VLM/images/random5_per_camera/罗田宝源南路20260108/东/05__RecordDownload_20260107080001[1]_7.jpg
罗田宝源南路20260108	北	1	/data3/VLA_LLM_DATA/罗田宝源南路20260108/北/RecordDownload_20260107192001[7]_33.mp4	/home/wangzhe/VLM/images/random5_per_camera/罗田宝源南路20260108/北/01__RecordDownload_20260107192001[7]_33.jpg
罗田宝源南路20260108	北	2	/data3/VLA_LLM_DATA/罗田宝源南路20260108/北/RecordDownload_20260107184001[7]_29.mp4	/home/wangzhe/VLM/images/random5_per_camera/罗田宝源南路20260108/北/02__RecordDownload_20260107184001[7]_29.jpg
罗田宝源南路20260108	北	3	/data3/VLA_LLM_DATA/罗田宝源南路20260108/北/RecordDownload_20260107170001[7]_19.mp4	/home/wangzhe/VLM/images/random5_per_camera/罗田宝源南路20260108/北/03__RecordDownload_20260107170001[7]_19.jpg
罗田宝源南路20260108	北	4	/data3/VLA_LLM_DATA/罗田宝源南路20260108/北/RecordDownload_20260107175002[7]_24.mp4	/home/wangzhe/VLM/images/random5_per_camera/罗田宝源南路20260108/北/04__RecordDownload_20260107175002[7]_24.jpg
罗田宝源南路20260108	北	5	/data3/VLA_LLM_DATA/罗田宝源南路20260108/北/RecordDownload_20260107075001[7]_6.mp4	/home/wangzhe/VLM/images/random5_per_camera/罗田宝源南路20260108/北/05__RecordDownload_20260107075001[7]_6.jpg
罗田宝源南路20260108	南	1	/data3/VLA_LLM_DATA/罗田宝源南路20260108/南/RecordDownload_20260107075001[5]_6.mp4	/home/wangzhe/VLM/images/random5_per_camera/罗田宝源南路20260108/南/01__RecordDownload_20260107075001[5]_6.jpg
罗田宝源南路20260108	南	2	/data3/VLA_LLM_DATA/罗田宝源南路20260108/南/RecordDownload_20260107191001[5]_33.mp4	/home/wangzhe/VLM/images/random5_per_camera/罗田宝源南路20260108/南/02__RecordDownload_20260107191001[5]_33.jpg
罗田宝源南路20260108	南	3	/data3/VLA_LLM_DATA/罗田宝源南路20260108/南/RecordDownload_20260107100002[5]_19.mp4	/home/wangzhe/VLM/images/random5_per_camera/罗田宝源南路20260108/南/03__RecordDownload_20260107100002[5]_19.jpg
罗田宝源南路20260108	南	4	/data3/VLA_LLM_DATA/罗田宝源南路20260108/南/RecordDownload_20260107190001[5]_32.mp4	/home/wangzhe/VLM/images/random5_per_camera/罗田宝源南路20260108/南/04__RecordDownload_20260107190001[5]_32.jpg
罗田宝源南路20260108	南	5	/data3/VLA_LLM_DATA/罗田宝源南路20260108/南/RecordDownload_20260107082002[5]_9.mp4	/home/wangzhe/VLM/images/random5_per_camera/罗田宝源南路20260108/南/05__RecordDownload_20260107082002[5]_9.jpg
罗田宝源南路20260108	西	1	/data3/VLA_LLM_DATA/罗田宝源南路20260108/西/RecordDownload_20260107171000[1]_22.mp4	/home/wangzhe/VLM/images/random5_per_camera/罗田宝源南路20260108/西/01__RecordDownload_20260107171000[1]_22.jpg
罗田宝源南路20260108	西	2	/data3/VLA_LLM_DATA/罗田宝源南路20260108/西/RecordDownload_20260107200001[1]_39.mp4	/home/wangzhe/VLM/images/random5_per_camera/罗田宝源南路20260108/西/02__RecordDownload_20260107200001[1]_39.jpg
罗田宝源南路20260108	西	3	/data3/VLA_LLM_DATA/罗田宝源南路20260108/西/RecordDownload_20260107181001[1]_28.mp4	/home/wangzhe/VLM/images/random5_per_camera/罗田宝源南路20260108/西/03__RecordDownload_20260107181001[1]_28.jpg
罗田宝源南路20260108	西	4	/data3/VLA_LLM_DATA/罗田宝源南路20260108/西/RecordDownload_20260107093000[1]_16.mp4	/home/wangzhe/VLM/images/random5_per_camera/罗田宝源南路20260108/西/04__RecordDownload_20260107093000[1]_16.jpg
罗田宝源南路20260108	西	5	/data3/VLA_LLM_DATA/罗田宝源南路20260108/西/RecordDownload_20260107080001[1]_7.mp4	/home/wangzhe/VLM/images/random5_per_camera/罗田宝源南路20260108/西/05__RecordDownload_20260107080001[1]_7.jpg
金融海景二2025.12.18	东	1	/data3/VLA_LLM_DATA/金融海景二2025.12.18/东/D1_20251217180000_20251217182842.mp4	/home/wangzhe/VLM/images/random5_per_camera/金融海景二2025.12.18/东/01__D1_20251217180000_20251217182842.jpg
金融海景二2025.12.18	东	2	/data3/VLA_LLM_DATA/金融海景二2025.12.18/东/D1_20251217193728_20251217201152.mp4	/home/wangzhe/VLM/images/random5_per_camera/金融海景二2025.12.18/东/02__D1_20251217193728_20251217201152.jpg
金融海景二2025.12.18	东	3	/data3/VLA_LLM_DATA/金融海景二2025.12.18/东/D1_20251217084641_20251217092105.mp4	/home/wangzhe/VLM/images/random5_per_camera/金融海景二2025.12.18/东/03__D1_20251217084641_20251217092105.jpg
金融海景二2025.12.18	东	4	/data3/VLA_LLM_DATA/金融海景二2025.12.18/东/D1_20251217190305_20251217193728.mp4	/home/wangzhe/VLM/images/random5_per_camera/金融海景二2025.12.18/东/04__D1_20251217190305_20251217193728.jpg
金融海景二2025.12.18	东	5	/data3/VLA_LLM_DATA/金融海景二2025.12.18/东/D1_20251217092105_20251217095529.mp4	/home/wangzhe/VLM/images/random5_per_camera/金融海景二2025.12.18/东/05__D1_20251217092105_20251217095529.jpg
金融海景二2025.12.18	北	1	/data3/VLA_LLM_DATA/金融海景二2025.12.18/北/D4_20251217190449_20251217193912.mp4	/home/wangzhe/VLM/images/random5_per_camera/金融海景二2025.12.18/北/01__D4_20251217190449_20251217193912.jpg
金融海景二2025.12.18	北	2	/data3/VLA_LLM_DATA/金融海景二2025.12.18/北/D4_20251217084559_20251217092023.mp4	/home/wangzhe/VLM/images/random5_per_camera/金融海景二2025.12.18/北/02__D4_20251217084559_20251217092023.jpg
金融海景二2025.12.18	北	3	/data3/VLA_LLM_DATA/金融海景二2025.12.18/北/D4_20251217201336_20251217204801.mp4	/home/wangzhe/VLM/images/random5_per_camera/金融海景二2025.12.18/北/03__D4_20251217201336_20251217204801.jpg
金融海景二2025.12.18	北	4	/data3/VLA_LLM_DATA/金融海景二2025.12.18/北/D4_20251217092023_20251217095447.mp4	/home/wangzhe/VLM/images/random5_per_camera/金融海景二2025.12.18/北/04__D4_20251217092023_20251217095447.jpg
金融海景二2025.12.18	北	5	/data3/VLA_LLM_DATA/金融海景二2025.12.18/北/D4_20251217081136_20251217084559.mp4	/home/wangzhe/VLM/images/random5_per_camera/金融海景二2025.12.18/北/05__D4_20251217081136_20251217084559.jpg
金融海景二2025.12.18	南	1	/data3/VLA_LLM_DATA/金融海景二2025.12.18/南/D3_20251217173234_20251217180657.mp4	/home/wangzhe/VLM/images/random5_per_camera/金融海景二2025.12.18/南/01__D3_20251217173234_20251217180657.jpg
金融海景二2025.12.18	南	2	/data3/VLA_LLM_DATA/金融海景二2025.12.18/南/D3_20251217080000_20251217082037.mp4	/home/wangzhe/VLM/images/random5_per_camera/金融海景二2025.12.18/南/02__D3_20251217080000_20251217082037.jpg
金融海景二2025.12.18	南	3	/data3/VLA_LLM_DATA/金融海景二2025.12.18/南/D3_20251217180657_20251217184120.mp4	/home/wangzhe/VLM/images/random5_per_camera/金融海景二2025.12.18/南/03__D3_20251217180657_20251217184120.jpg
金融海景二2025.12.18	南	4	/data3/VLA_LLM_DATA/金融海景二2025.12.18/南/D3_20251217092937_20251217100401.mp4	/home/wangzhe/VLM/images/random5_per_camera/金融海景二2025.12.18/南/04__D3_20251217092937_20251217100401.jpg
金融海景二2025.12.18	南	5	/data3/VLA_LLM_DATA/金融海景二2025.12.18/南/D3_20251217205855_20251217205959.mp4	/home/wangzhe/VLM/images/random5_per_camera/金融海景二2025.12.18/南/05__D3_20251217205855_20251217205959.jpg
金融海景二2025.12.18	西	1	/data3/VLA_LLM_DATA/金融海景二2025.12.18/西/D2_20251217080120_20251217083545.mp4	/home/wangzhe/VLM/images/random5_per_camera/金融海景二2025.12.18/西/01__D2_20251217080120_20251217083545.jpg
金融海景二2025.12.18	西	2	/data3/VLA_LLM_DATA/金融海景二2025.12.18/西/D2_20251217080000_20251217080120.mp4	/home/wangzhe/VLM/images/random5_per_camera/金融海景二2025.12.18/西/02__D2_20251217080000_20251217080120.jpg
金融海景二2025.12.18	西	3	/data3/VLA_LLM_DATA/金融海景二2025.12.18/西/D2_20251217091009_20251217094431.mp4	/home/wangzhe/VLM/images/random5_per_camera/金融海景二2025.12.18/西/03__D2_20251217091009_20251217094431.jpg
金融海景二2025.12.18	西	4	/data3/VLA_LLM_DATA/金融海景二2025.12.18/西/D2_20251217192913_20251217200336.mp4	/home/wangzhe/VLM/images/random5_per_camera/金融海景二2025.12.18/西/04__D2_20251217192913_20251217200336.jpg
金融海景二2025.12.18	西	5	/data3/VLA_LLM_DATA/金融海景二2025.12.18/西/D2_20251217182026_20251217185450.mp4	/home/wangzhe/VLM/images/random5_per_camera/金融海景二2025.12.18/西/05__D2_20251217182026_20251217185450.jpg
